,Company Name,Job Role,posted_date
0,UST Global Singapore Pte Limited,Product Engineer I,2020-11-21
1,UST Global Singapore Pte Limited,Lead I - Software Engineering,2020-11-21
2,UST Global Singapore Pte Limited,Lead II - Software Engineering,2020-11-21
3,UST Global Singapore Pte Limited,Data Scientist I,2020-11-21
4,UST Global Singapore Pte Limited,Project Manager II,2020-11-21
5,UST Global Singapore Pte Limited,Architect  II - Enterprise Solutions,2020-11-21
6,UST Global Singapore Pte Limited,Systems Analyst,2020-11-21
7,UST Global Singapore Pte Limited,Systems Analyst,2020-11-21
8,UST Global Singapore Pte Limited,Systems Analyst,2020-11-21
9,UST Global Singapore Pte Limited,Product Manager I,2020-11-21
10,UST Global Singapore Pte Limited,Lead II - Product Design,2020-11-21
11,UST Global Singapore Pte Limited,Associate I - TR,2020-11-21
12,UST Global Singapore Pte Limited,Associate Product Manager II,2020-11-21
13,UST Global Singapore Pte Limited,Associate II - Marketing,2020-11-21
14,UST Global Singapore Pte Limited,Developer II - Software Engineering,2020-11-21
15,UST Global Singapore Pte Limited,Developer III - Software Engineering,2020-11-21
16,Lavya Associates,Sales Executive - Banca | Life Insurance-Trivandrum,2020-11-21
17,Inspirisys Solutions Limited,Field Desktop Support Engineer,2020-11-21
18,Lavya Associates,Branch Manager -Direct Sales | Life Insurance -Trivandrum,2020-11-20
19,Lavya Associates,Branch Manager - Bancassurance | South India,2020-11-20
20,Lavya Associates,Business Associate Partner | Life Insurance-Trivandrum,2020-11-20
21,Lavya Associates,Territory Manager - Bancassurance | Life Insurance-Trivandrum,2020-11-20
22,Lavya Associates,Sales Manager - Direct Sales | Life Insurance -Trivandrum,2020-11-20
23,Lavya Associates,Branch Manager - Bancassurance | Life Insurance-Trivandrum,2020-11-20
24,Lavya Associates,Territory Sales Manager - Bancassurance | Life Insurance - Trivandrum,2020-11-20
25,Lavya Associates,Manager - Business Associate Partner | Life Insurance -Trivandrum,2020-11-20
26,Lavya Associates,Branch Manager - Bancassurance | Life Insurance - Trivandrum,2020-11-20
27,Lavya Associates,Relationship Manager - Banca | Life Insurance-Trivandrum,2020-11-20
28,Lavya Associates,Manager Agency Partner | Life Insurance -Trivandrum,2020-11-20
29,Lavya Associates,Sales Manager - Banca | Life Insurance-Trivandrum,2020-11-20
30,Lavya Associates,Sales Manager - Banca | Life Insurance-Trivandrum,2020-11-20
31,Lavya Associates,Area Manager - Bancassurance | Life Insurance - Trivandrum,2020-11-20
32,Reliance Jio Infocomm Limited,Home Sales Officer,2020-11-20
33,Reliance Jio Infocomm Limited,Home Sales Officer,2020-11-20
34,Connecting 2 Work,Procurement and Logistics Coordinator,2020-11-20
35,Connecting 2 Work,PHP Laravel Developer,2020-11-20
36,Connecting 2 Work,Android Developer,2020-11-20
37,Connecting 2 Work,ETL Developer,2020-11-20
38,Connecting 2 Work,Android developer,2020-11-20
39,Connecting 2 Work,Manual Tester,2020-11-20
40,Connecting 2 Work,Angular Developer,2020-11-20
41,Connecting 2 Work,Planning Engineer,2020-11-20
42,Connecting 2 Work,Vue js Developer,2020-11-20
43,Connecting 2 Work,Sr Laravel Developer,2020-11-20
44,Connecting 2 Work,Sr Front End Web Developer / HTML Developer,2020-11-20
45,Connecting 2 Work,Principal Engineer/ Architect,2020-11-20
46,Connecting 2 Work,SEO,2020-11-20
47,Connecting 2 Work,Sr Designer   2D/ 3D,2020-11-20
48,Connecting 2 Work,Senior Android Developer,2020-11-20
49,Connecting 2 Work,Technical Architect / Technical Detailer,2020-11-20
50,Connecting 2 Work,Certified Ethical Hacker,2020-11-20
51,Connecting 2 Work,Marketing,2020-11-20
52,Connecting 2 Work,Quality In-Charge,2020-11-20
53,Connecting 2 Work,Frontend Developer,2020-11-20
54,Connecting 2 Work,Sales Engineer,2020-11-20
55,Connecting 2 Work,Technical Lead,2020-11-20
56,Connecting 2 Work,Front office coordinator- female,2020-11-20
57,Connecting 2 Work,Showroom Sales Executive,2020-11-20
58,Connecting 2 Work,Public Relation Officer (PRO),2020-11-20
59,Connecting 2 Work,Dot Net Engineer,2020-11-20
60,Connecting 2 Work,PHP Developer,2020-11-20
61,Connecting 2 Work,HR Executive,2020-11-20
62,Connecting 2 Work,Junior Web Developer,2020-11-20
63,Connecting 2 Work,Sr.software engineer java,2020-11-20
64,Connecting 2 Work,Service advisor,2020-11-20
65,Connecting 2 Work,Web Developer- Html/CSS,2020-11-20
66,Connecting 2 Work,PHARMACISTS,2020-11-20
67,Connecting 2 Work,Sales Excecutive-Female,2020-11-20
68,Connecting 2 Work,Frontend Stack Developer/ React Native Developer,2020-11-20
69,Connecting 2 Work,Node.js Developer,2020-11-20
70,Connecting 2 Work,Hardware Support Engineer,2020-11-20
71,Connecting 2 Work,Junior Android/IOS Developer,2020-11-20
72,Connecting 2 Work,UPS Service Engineer,2020-11-20
73,Connecting 2 Work,Business Development Manager,2020-11-20
74,Connecting 2 Work,Project In-Charge,2020-11-20
75,Connecting 2 Work,Site Supervisor,2020-11-20
76,Connecting 2 Work,Business Executive,2020-11-20
77,Connecting 2 Work,Robotics Trainer,2020-11-20
78,Connecting 2 Work,Senior Sales Executive,2020-11-20
79,Connecting 2 Work,Sr Angular Node JS Developer,2020-11-20
80,Connecting 2 Work,JAVASCRIPT DEVELOPER,2020-11-20
81,Connecting 2 Work,Customer Relationship Executive- Female,2020-11-20
82,Connecting 2 Work,Accounts and Administration In-Charge,2020-11-20
83,Connecting 2 Work,Frontend Engineer,2020-11-20
84,Connecting 2 Work,Technical Lead,2020-11-20
85,Connecting 2 Work,Customer Service Coordinator (Logistics),2020-11-20
86,Connecting 2 Work,Mobile Developer,2020-11-20
87,Connecting 2 Work,Sr php Programmer,2020-11-20
88,Connecting 2 Work,Help Desk Excecutive,2020-11-20
89,Connecting 2 Work,Restaurant manager,2020-11-20
90,Connecting 2 Work,Senior PHP Developer(Laravel),2020-11-20
91,Connecting 2 Work,Python/Django developer,2020-11-20
92,Connecting 2 Work,OFFICE ASSISTANT,2020-11-20
93,Connecting 2 Work,React Native developer Senior,2020-11-20
94,Connecting 2 Work,Business Analyst (Product Specialist),2020-11-20
95,Connecting 2 Work,REACT NATIVE DEVELOPER JUNIOR,2020-11-20
96,Connecting 2 Work,Sales Officer- Trivandrum,2020-11-20
97,Connecting 2 Work,PHP Developer(Laravel)Junior,2020-11-20
98,Connecting 2 Work,Sales Coordinator,2020-11-20
99,Connecting 2 Work,UX Designer,2020-11-20
100,Connecting 2 Work,Network System Engineer,2020-11-20
101,Connecting 2 Work,Sr/Jr Software Developer,2020-11-20
102,Connecting 2 Work,Sales Representative,2020-11-20
103,Connecting 2 Work,PHP DEVELOPER,2020-11-20
104,Connecting 2 Work,Java Server Developer,2020-11-20
105,Connecting 2 Work,Surgery Coder,2020-11-20
106,Connecting 2 Work,Backend Developer,2020-11-20
107,Connecting 2 Work,PHP Developer,2020-11-20
108,Connecting 2 Work,Marketing Executive(Female),2020-11-20
109,Connecting 2 Work,Mean Stack Developer,2020-11-20
110,Connecting 2 Work,Java Developer,2020-11-20
111,Connecting 2 Work,Medical Coder (E & M Coder),2020-11-20
112,Connecting 2 Work,Coding Auditor,2020-11-20
113,Connecting 2 Work,Supervisor,2020-11-20
114,Connecting 2 Work,UI/UX Designer,2020-11-20
115,Connecting 2 Work,Procurement Officer,2020-11-20
116,Connecting 2 Work,Palo Alto Specialist,2020-11-20
117,Connecting 2 Work,Software Programmer,2020-11-20
118,Connecting 2 Work,Sr. Portal Developer/Solution Architect,2020-11-20
119,Connecting 2 Work,ROR Lead,2020-11-20
120,Connecting 2 Work,Senior Backend Developer-ROR,2020-11-20
121,Connecting 2 Work,Sales lead,2020-11-20
122,Connecting 2 Work,Jr. iOS Developer,2020-11-20
123,Connecting 2 Work,SE Java Developer,2020-11-20
124,Connecting 2 Work,Frontend Angular JS developer,2020-11-20
125,Connecting 2 Work,IOS DEVELOPER,2020-11-20
126,Connecting 2 Work,Sr ROR Developer,2020-11-20
127,Connecting 2 Work,Technical Support Engineer,2020-11-20
128,Connecting 2 Work,Telemarketing Executives,2020-11-20
129,Connecting 2 Work,Telemarketing Executive,2020-11-20
130,Connecting 2 Work,Telecaller Representative,2020-11-20
131,Connecting 2 Work,Full Stack Developer,2020-11-20
132,Connecting 2 Work,Marketing officer,2020-11-20
133,Connecting 2 Work,ROR Developer,2020-11-20
134,Connecting 2 Work,Web Designer,2020-11-20
135,Connecting 2 Work,ROR manager,2020-11-20
136,Connecting 2 Work,HR MANAGER,2020-11-20
137,Connecting 2 Work,Tech Lead- Java,2020-11-20
138,Connecting 2 Work,Lead Front-end Developer,2020-11-20
139,Connecting 2 Work,Chef,2020-11-20
140,Connecting 2 Work,SR Accountant,2020-11-20
141,Connecting 2 Work,Captain,2020-11-20
142,Connecting 2 Work,HR Recruiter,2020-11-20
143,Connecting 2 Work,Front Office Executive(Female),2020-11-20
144,Connecting 2 Work,UI Developer,2020-11-20
145,Connecting 2 Work,Front Office cum Telecaller,2020-11-20
146,Connecting 2 Work,Operation Executive,2020-11-20
147,Connecting 2 Work,Marketing/ Sales Executive,2020-11-20
148,Connecting 2 Work,Senior Developer,2020-11-20
149,Connecting 2 Work,UI/UX Designer & Web Designer,2020-11-20
150,Connecting 2 Work,Web developer,2020-11-20
151,Connecting 2 Work,Accounts Executive,2020-11-20
152,Connecting 2 Work,PHP Developer- WordPress,2020-11-20
153,Connecting 2 Work,Workflow Engineer,2020-11-20
154,Connecting 2 Work,Games Developer/Android Developer,2020-11-20
155,Connecting 2 Work,Accountant,2020-11-20
156,Connecting 2 Work,Sr.Operation Executive/ IT Recruiter,2020-11-20
157,Connecting 2 Work,Mean Stack Developer(Node JS),2020-11-20
158,Connecting 2 Work,Assistant operations Manager,2020-11-20
159,Connecting 2 Work,AWS EXPERT,2020-11-20
160,Connecting 2 Work,Business Development Executive,2020-11-20
161,Connecting 2 Work,Mobile Developer,2020-11-20
162,Connecting 2 Work,Front desk Executive,2020-11-20
163,Connecting 2 Work,SAP ABAP Developer,2020-11-20
164,Connecting 2 Work,Quality Assurance Specialist,2020-11-20
165,Connecting 2 Work,Junior Web Developer,2020-11-20
166,Connecting 2 Work,Marketing Manager,2020-11-20
167,Connecting 2 Work,Team Leader-Recruitment,2020-11-20
168,Connecting 2 Work,Finance Assistant,2020-11-20
169,Connecting 2 Work,SAP Front-end/Fiori Developer,2020-11-20
170,Connecting 2 Work,System Administrator,2020-11-20
171,Connecting 2 Work,BPO Executive- French,2020-11-20
172,Connecting 2 Work,Machine Learning Expert,2020-11-20
173,Connecting 2 Work,Python Developer,2020-11-20
174,Connecting 2 Work,Blockchain Developer,2020-11-20
175,Connecting 2 Work,Software Developer   C#,2020-11-20
176,Connecting 2 Work,Senior Software Programmer,2020-11-20
177,Connecting 2 Work,Angular developer- Contract,2020-11-20
178,Connecting 2 Work,Dot NET WPF Developer,2020-11-20
179,Connecting 2 Work,Senior Web Developer,2020-11-20
180,Connecting 2 Work,Machine Operator,2020-11-20
181,Connecting 2 Work,Reactjs Developer,2020-11-20
182,Connecting 2 Work,React Ui Developer,2020-11-20
183,Connecting 2 Work,Dot Net Developer,2020-11-20
184,Connecting 2 Work,Telecaller/Telesales Executive,2020-11-20
185,Connecting 2 Work,Sr. Java Developer,2020-11-20
186,Connecting 2 Work,Business Analyst,2020-11-20
187,Connecting 2 Work,Sr. IOS developer,2020-11-20
188,Connecting 2 Work,QA Analyst,2020-11-20
189,Connecting 2 Work,Ui Ux Designer,2020-11-20
190,Connecting 2 Work,Dot Net developer,2020-11-20
191,Connecting 2 Work,Software Developer,2020-11-20
192,Connecting 2 Work,WordPress Developer,2020-11-20
193,Connecting 2 Work,Senior Server Engineer   Linux & Application Support,2020-11-20
194,Connecting 2 Work,Sales Manager,2020-11-20
195,Connecting 2 Work,Database administrator -MYSQL,2020-11-20
196,Connecting 2 Work,ETL Lead,2020-11-20
197,Connecting 2 Work,PHP Developer,2020-11-20
198,Connecting 2 Work,Storekeeper Cum Purchase officer,2020-11-20
199,Connecting 2 Work,Female Gym Trainer,2020-11-20
200,Connecting 2 Work,Project Manager,2020-11-20
201,Connecting 2 Work,Nodejs Developer,2020-11-20
202,Connecting 2 Work,Technical Architect,2020-11-20
203,Connecting 2 Work,Python/ Django Developer,2020-11-20
204,Connecting 2 Work,Sr. Java Developer,2020-11-20
205,Connecting 2 Work,Site Engineer-Civil,2020-11-20
206,Connecting 2 Work,UI Developer,2020-11-20
207,Connecting 2 Work,React.js Developer,2020-11-20
208,Connecting 2 Work,Sales Executive,2020-11-20
209,Connecting 2 Work,Telecaller cum Office Staff,2020-11-20
210,Connecting 2 Work,Full Stack Developer,2020-11-20
211,Connecting 2 Work,JavaScript Developer,2020-11-20
212,Connecting 2 Work,Telesales Executive,2020-11-20
213,Connecting 2 Work,Service & Sales Engineer,2020-11-20
214,Connecting 2 Work,Software Support Engineer,2020-11-20
215,Connecting 2 Work,SAP ABAP Developer,2020-11-20
216,Connecting 2 Work,Accounting Executive,2020-11-20
217,Connecting 2 Work,Front Office Executive,2020-11-20
218,Connecting 2 Work,React Native Developer,2020-11-20
219,Connecting 2 Work,Test Automation Engineer,2020-11-20
220,Connecting 2 Work,HR Manager,2020-11-20
221,Connecting 2 Work,Net Developer,2020-11-20
222,Connecting 2 Work,Designer 3D / 3D Visualizer / Interior Designer,2020-11-20
223,Connecting 2 Work,Asp.Net Developer,2020-11-20
224,Connecting 2 Work,Digital Marketing,2020-11-20
225,Connecting 2 Work,Senior ios developer,2020-11-20
226,Connecting 2 Work,Testing engineer,2020-11-20
227,Connecting 2 Work,Magento Developer,2020-11-20
228,Connecting 2 Work,Dot Net Developer,2020-11-20
229,Connecting 2 Work,Laravel developer,2020-11-20
230,Connecting 2 Work,Motion Graphic Designer,2020-11-20
231,Connecting 2 Work,Ios developer,2020-11-20
232,Connecting 2 Work,Techno Commercial cum Customer Relations Executive,2020-11-20
233,Connecting 2 Work,Android Developer,2020-11-20
234,Connecting 2 Work,Counter staff,2020-11-20
235,Connecting 2 Work,Electrical Engineer,2020-11-20
236,Connecting 2 Work,Student Counsellor,2020-11-20
237,Connecting 2 Work,WebGL Developer,2020-11-20
238,Connecting 2 Work,Marketing Executive,2020-11-20
239,Connecting 2 Work,Assistant Business Development Executive,2020-11-20
240,Connecting 2 Work,Senior PHP Developer,2020-11-20
241,Connecting 2 Work,Digital Marketing Executive,2020-11-20
242,Connecting 2 Work,Dot Net Trainer,2020-11-20
243,Freelancer- Ronney Cheriyan,Office Executive,2020-11-20
244,Risika Softech Solutions,Computer Operator  / Data Entry Operator,2020-11-20
245,UST Global Singapore Pte Limited,Lead II - Software Engineering,2020-11-20
246,UST Global Singapore Pte Limited,Lead II - Software Engineering,2020-11-20
247,UST Global Singapore Pte Limited,Developer III - Software Engineering,2020-11-20
248,UST Global Singapore Pte Limited,Developer II - DevOps Engineer,2020-11-20
249,Company Name Confidential,Part time/Full time Job Work from Home/Data Entry/Home Based Job l Earn Rs.10K to 60K PM --- Pratima,2020-11-20
250,Placenet Consultants Private Limited,Urgent Openings For Dotnet Developer Perm role @Trivandrum,2020-11-20
251,Ernst & Young,PI_Testing_ETL Testing_Staff,2020-11-20
252,Smart And Prompt Hr Services Private Limited,Java Developer (Contract duration 6 months),2020-11-20
253,Smart And Prompt Hr Services Private Limited,C# Developer(Contract 6 Months),2020-11-20
254,Reliance Jio Infocomm Limited,Home Sales Officer,2020-11-20
255,Oracle,Cloud Applications: Full Stack Developers - 5+ years,2020-11-20
256,Kameda Infologics Private Limited,Automation Test Engineer,2020-11-20
257,UST Global Singapore Pte Limited,Systems Analyst,2020-11-20
258,UST Global Singapore Pte Limited,Project Manager II,2020-11-20
259,UST Global Singapore Pte Limited,Sr. Systems Analyst,2020-11-20
260,UST Global Singapore Pte Limited,Systems Analyst,2020-11-20
261,UST Global Singapore Pte Limited,Systems Analyst,2020-11-20
262,UST Global Singapore Pte Limited,Software Solution Architect II,2020-11-20
263,UST Global Singapore Pte Limited,Lead I - Software Engineering,2020-11-20
264,UST Global Singapore Pte Limited,Developer III - Software Engin,2020-11-20
265,Mind Circus Innovations,Adobe Illustration Jobs | Storyboard Artist Job | Adobe Illustrator Job Kochi,2020-11-20
266,Mind Circus Innovations,Inside Sales Executive | Fresher Online Sales Job Kochi,2020-11-20
267,McFadyen Digital,Project Costing Controller,2020-11-20
268,ConnectIN Jobs Global,Sales Executives (Building Material Experienced),2020-11-20
269,Reliance Jio Infocomm Limited,Home Sales Officer,2020-11-20
270,Mind Circus Innovations,Marketing Executive Job | Client Servicing Executive Job Kochi,2020-11-20
271,Sophus It Solutions LLC,Hiring for Tech BIA (Power Curve Origination) - Trivandrum/ Hyderabad - For MNC Client,2020-11-20
272,UST Global Singapore Pte Limited,Project Manager I,2020-11-20
273,UST Global Singapore Pte Limited,Lead II - DevOps Engineering,2020-11-20
274,UST Global Singapore Pte Limited,Consultant II,2020-11-20
275,UST Global Singapore Pte Limited,Lead I - Software Engineering,2020-11-20
276,UST Global Singapore Pte Limited,Developer I - Enterprise Solutions,2020-11-20
277,UST Global Singapore Pte Limited,Sr. Systems Analyst,2020-11-20
278,UST Global Singapore Pte Limited,Associate II - Business Finance,2020-11-20
279,UST Global Singapore Pte Limited,Developer III - Software Engineering,2020-11-20
280,UST Global Singapore Pte Limited,Specialist I - Software Engineering,2020-11-20
281,UST Global Singapore Pte Limited,Lead I - Software Testing,2020-11-20
282,UST Global Singapore Pte Limited,Sr. Software Developer,2020-11-20
283,BL Services,Required 90 urgently MF Candidate /work from home,2020-11-20
284,Oracle,Applications Developer 3,2020-11-20
285,Oracle,"Senior Manager, User Experience",2020-11-20
286,Talentbasket,Manual Tester - Senior( Contract to Hire),2020-11-20
287,UST Global Singapore Pte Limited,Infrastructure Analyst,2020-11-20
288,TFG Digital India,Urgently Required Candidates for Online Marketing Work,2020-11-20
289,Praxis Leaders,Process Associate Executive-Process Associate,2020-11-20
290,Randstad,j - software developer - angular + node js,2020-11-20
291,Randstad,"j - c#.net, microservices",2020-11-20
292,Reliance Jio Infocomm Limited,Home Sales Officer,2020-11-20
293,Oracle,Applications Developer 2,2020-11-20
294,Oracle,Applications Developer 3,2020-11-20
295,Phoenix Human Capital Private Limited,Flash Animation Artist_MNC_Trivandrum!,2020-11-20
296,Ernst & Young,NonFS_Microsoft Azure Technical Lead_Senior,2020-11-20
297,Finastra Software Solutions India Private Limited,Technical Consultant,2020-11-20
298,Reliance Jio Infocomm Limited,Home Sales Officer,2020-11-20
299,Reliance Jio Infocomm Limited,Urban Jio Point Manager A&B,2020-11-20
300,UST Global Singapore Pte Limited,Architect I - Cloud Infrastructure Services,2020-11-20
301,UST Global Singapore Pte Limited,Lead I - Software Engineering,2020-11-20
302,UST Global Singapore Pte Limited,Specialist I - Cloud Infrastructure Services,2020-11-20
303,Randstad,j - universe  dba,2020-11-20
304,Randstad,j - full-stack react nodejs developer,2020-11-20
305,Mind Circus Innovations,3D Simulation Artist | FX Artist / Animation Jobs Kochi,2020-11-20
306,Phoenix Human Capital Private Limited,Motion Graphic Designer_Trivandum Location!,2020-11-20
307,Talentbasket,Java Developer - Contract,2020-11-20
308,UST Global Singapore Pte Limited,Lead II - Cloud Infrastructure Services,2020-11-20
309,UST Global Singapore Pte Limited,Sr. Systems Analyst,2020-11-20
310,UST Global Singapore Pte Limited,Architect II - Cloud Infrastructure Services,2020-11-20
311,UST Global Singapore Pte Limited,Software Architect,2020-11-20
312,UST Global Singapore Pte Limited,Sr. Software Developer,2020-11-20
313,UST Global Singapore Pte Limited,Assoc. Software Architect,2020-11-20
314,UST Global Singapore Pte Limited,Systems Analyst,2020-11-20
315,UST Global Singapore Pte Limited,Software Solution Architect I,2020-11-20
316,UST Global Singapore Pte Limited,Lead I - Software Engineering,2020-11-20
317,UST Global Singapore Pte Limited,Tester III - Software Testing,2020-11-20
318,UST Global Singapore Pte Limited,Software Solution Architect I,2020-11-20
319,UST Global Singapore Pte Limited,Developer II - Software Engineering,2020-11-20
320,UST Global Singapore Pte Limited,Developer I - Software Engineering,2020-11-20
321,UST Global Singapore Pte Limited,Sr. Test Analyst,2020-11-20
322,Arminus Software Private Limited,Solution Architect- cloud Security & Network Security_TRV/BLR/CHE_ANU,2020-11-20
323,Arminus Software Private Limited,Data Architect (HealthCare)_15yrs+_TRV_AD,2020-11-20
324,Arminus Software Private Limited,"Java Enterprise Architect,_TRV_AD",2020-11-20
325,Arminus Software Private Limited,Cloud Engg & Devops_8-10yrs_TRV_JC,2020-11-20
326,I Skills Solutions,Medical coding jobs - UG/ PG Life science & Paramedical Freshers,2020-11-20
327,Mind Circus Innovations,3D Lighting/Rendering Designer | Lighting Artist Jobs | Maya/V-Ray Kochi,2020-11-20
328,Alpha Mary International Education Private Limited,Education Counsellor,2020-11-20
329,Phoenix Human Capital Private Limited,Motion Graphic Designer_Trivandum Location!,2020-11-20
330,Phoenix Human Capital Private Limited,Flash Animation Artist_MNC_Trivandrum!,2020-11-20
331,Mind Circus Innovations,3D Generalist | 3D Modeling & Texturing | 3D Animation Jobs Kochi,2020-11-20
332,Ernst & Young,Software Developer,2020-11-20
333,Finastra Software Solutions India Private Limited,Technical Consultant,2020-11-20
334,Finastra Software Solutions India Private Limited,Associate Technical Consultant,2020-11-20
335,Reliance Jio Infocomm Limited,Home Sales Officer,2020-11-20
336,(Proprietor Of Birla Technology),Graphics Designer,2020-11-20
337,UST Global Singapore Pte Limited,Business Analyst,2020-11-20
338,UST Global Singapore Pte Limited,Lead I - Cloud Infrastructure Services,2020-11-20
339,UST Global Singapore Pte Limited,Sr. Software Developer,2020-11-20
340,UST Global Singapore Pte Limited,Software Developer,2020-11-20
341,UST Global Singapore Pte Limited,Lead II - Product Design,2020-11-20
342,UST Global Singapore Pte Limited,Assoc.InfrastructureSpecialist,2020-11-20
343,UST Global Singapore Pte Limited,Lead I - Software Engineering,2020-11-20
344,UST Global Singapore Pte Limited,Lead I - Software Engineering,2020-11-20
345,Company Name Confidential,)Mega opening for back office data entry for MNC company ...Apply now,2020-11-20
346,Select Source International Private Limited,Technical Lead,2020-11-20
347,I Skills Solutions,"Medical coding jobs - Zoology, Adv Zoology, Biochemistry, Microbiology Freshers",2020-11-20
348,UST Global Singapore Pte Limited,Lead I - Cloud Infrastructure Services,2020-11-20
349,UST Global Singapore Pte Limited,Solutions Architect,2020-11-20
350,UST Global Singapore Pte Limited,Specialist I - Software Engineering,2020-11-20
351,UST Global Singapore Pte Limited,Lead I - Software Engineering,2020-11-20
352,UST Global Singapore Pte Limited,Systems Analyst,2020-11-20
353,UST Global Singapore Pte Limited,Software Architect II,2020-11-20
354,UST Global Singapore Pte Limited,Sr. Test Analyst,2020-11-20
355,UST Global Singapore Pte Limited,Security Analyst,2020-11-20
356,UST Global Singapore Pte Limited,Systems Analyst,2020-11-20
357,UST Global Singapore Pte Limited,Tester,2020-11-20
358,UST Global Singapore Pte Limited,Sr. Tester,2020-11-20
359,UST Global Singapore Pte Limited,Systems Analyst,2020-11-20
360,UST Global Singapore Pte Limited,Sr. Systems Analyst,2020-11-20
361,UST Global Singapore Pte Limited,Associate III - Cloud Infrastructure Services,2020-11-20
362,UST Global Singapore Pte Limited,Software Developer,2020-11-20
363,UST Global Singapore Pte Limited,Solutions Architect,2020-11-20
364,UST Global Singapore Pte Limited,Specialist I - Software Engineering,2020-11-20
365,UST Global Singapore Pte Limited,Systems Analyst,2020-11-20
366,UST Global Singapore Pte Limited,Lead II - Data Analysis,2020-11-20
367,UST Global Singapore Pte Limited,Lead I - Software Testing,2020-11-20
368,UST Global Singapore Pte Limited,Lead II - Software Testing,2020-11-20
369,UST Global Singapore Pte Limited,Developer III - Software Engin,2020-11-20
370,UST Global Singapore Pte Limited,Sr. Requirements Analyst,2020-11-20
371,UST Global Singapore Pte Limited,Developer III - Software Engineering,2020-11-20
372,UST Global Singapore Pte Limited,Lead II - Software Engineering,2020-11-20
373,UST Global Singapore Pte Limited,Sr. Systems Analyst,2020-11-20
374,UST Global Singapore Pte Limited,Associate Data Scientist I,2020-11-20
375,UST Global Singapore Pte Limited,Associate III - Cloud Infrastructure Services,2020-11-20
376,UST Global Singapore Pte Limited,Systems Analyst,2020-11-20
377,Kameda Infologics Private Limited,Software Developer,2020-11-20
378,Oracle,Cloud Applications: Full Stack Developers - 5+ years,2020-11-20
379,Randstad,j - .net integration developer,2020-11-20
380,Randstad,j - salesforce,2020-11-20
381,Randstad,j - cloud architect,2020-11-20
382,Randstad,j - front-end angular developer,2020-11-20
383,Venpa Staffing Services India Private Limited,Sales Manager/Deputy Sales Manager (Real Estate),2020-11-20
384,Venpa Staffing Services India Private Limited,Process Lead - Account Services,2020-11-20
385,Venpa Staffing Services India Private Limited,Senior Engineer - Development,2020-11-20
386,Samkalp Skill Development Private Limited,"Design Engineer - 3D Modelling,Solidworks, Solid Edge or Creo",2020-11-20
387,Ernst & Young,CTE_Full Stack Engineer,2020-11-20
388,Ernst & Young,PI_Testing_ETL Testing_Staff,2020-11-20
389,Ernst & Young,Full Stack Engineer,2020-11-20
390,Ernst & Young,Automation Testing-Senior,2020-11-20
391,Ernst & Young,FS-BC-FSRM-QBB Credit Risk- Senior,2020-11-20
392,Ernst & Young,NonFS_Digital_Emerging Architect_Senior,2020-11-20
393,Ernst & Young,CTE_Full Stack Engineer,2020-11-20
394,Ernst & Young,NonFS_Microsoft Azure Technical Lead_Senior,2020-11-20
395,Talent Basket,.Net Developer (WCF)- Contract,2020-11-20
396,Ernst & Young,Business Analyst,2020-11-20
397,Ernst & Young,Software Developer,2020-11-20
398,Ernst & Young,NonFS_Microsoft Azure Technical Lead_Senior,2020-11-20
399,UST Global Singapore Pte Limited,Lead II - Software Engineering,2020-11-20
400,UST Global Singapore Pte Limited,Quality Analyst,2020-11-20
401,UST Global Singapore Pte Limited,Sr. Requirements Analyst,2020-11-20
402,UST Global Singapore Pte Limited,DBA,2020-11-20
403,UST Global Singapore Pte Limited,Sr. Requirements Analyst,2020-11-20
404,UST Global Singapore Pte Limited,Architect I - Software Testing,2020-11-20
405,UST Global Singapore Pte Limited,Systems Analyst,2020-11-20
406,UST Global Singapore Pte Limited,Associate II - Product Design,2020-11-20
407,UST Global Singapore Pte Limited,Security Analyst,2020-11-20
408,UST Global Singapore Pte Limited,Project Manager,2020-11-20
409,UST Global Singapore Pte Limited,Project Manager II,2020-11-20
410,UST Global Singapore Pte Limited,Associate Data Scientist II,2020-11-20
411,UST Global Singapore Pte Limited,Solutions Architect,2020-11-20
412,UST Global Singapore Pte Limited,Software Developer,2020-11-20
413,UST Global Singapore Pte Limited,Software Developer,2020-11-20
414,UST Global Singapore Pte Limited,Lead I - Software Engineering,2020-11-20
415,UST Global Singapore Pte Limited,Software Developer,2020-11-20
416,UST Global Singapore Pte Limited,Project Manager PM,2020-11-20
417,UST Global Singapore Pte Limited,Technical Lead,2020-11-20
418,UST Global Singapore Pte Limited,Technical Lead,2020-11-20
419,UST Global Singapore Pte Limited,Solutions Architect,2020-11-20
420,UST Global Singapore Pte Limited,Lead I - Enterprise Solutions,2020-11-20
421,UST Global Singapore Pte Limited,Sr. Systems Analyst,2020-11-20
422,UST Global Singapore Pte Limited,Assoc. Project Manager,2020-11-20
423,UST Global Singapore Pte Limited,Lead II - DevOps Engineering,2020-11-20
424,UST Global Singapore Pte Limited,Associate Developer - Software Engineering,2020-11-20
425,UST Global Singapore Pte Limited,Lead I - Product Engineering,2020-11-20
426,UST Global Singapore Pte Limited,Lead II - Software Engineering,2020-11-20
427,UST Global Singapore Pte Limited,Project Manager II,2020-11-20
428,UST Global Singapore Pte Limited,Associate II - Cloud Infrastructure Services,2020-11-20
429,UST Global Singapore Pte Limited,Lead I - Software Engineering,2020-11-20
430,UST Global Singapore Pte Limited,Lead I - Software Engineering,2020-11-20
431,UST Global Singapore Pte Limited,Lead II - Software Engineering,2020-11-20
432,UST Global Singapore Pte Limited,Data Scientist,2020-11-20
433,UST Global Singapore Pte Limited,Test Analyst,2020-11-20
434,UST Global Singapore Pte Limited,Developer III - Software Engineering,2020-11-20
435,UST Global Singapore Pte Limited,Developer III - Software Engin,2020-11-20
436,UST Global Singapore Pte Limited,Lead II - Data Analysis,2020-11-20
437,UST Global Singapore Pte Limited,Lead II - Software Testing,2020-11-20
438,UST Global Singapore Pte Limited,Assoc.InfrastructureSpecialist,2020-11-20
439,UST Global Singapore Pte Limited,Sr. Test Analyst,2020-11-20
440,UST Global Singapore Pte Limited,Software Architect,2020-11-20
441,UST Global Singapore Pte Limited,Sr. Systems Analyst,2020-11-20
442,UST Global Singapore Pte Limited,Lead II - Software Engineering,2020-11-20
443,UST Global Singapore Pte Limited,Developer II - Software Engineering,2020-11-20
444,Crown Solutions India Private Limited,Solution Architect (Azure),2020-11-20
445,Crown Solutions India Private Limited,"Business Analysis (RPA, Power Apps, Chatbot)",2020-11-20
446,Crown Solutions India Private Limited,AI-ML Engineer (Trivandrum/Kochi),2020-11-20
447,Ernst & Young,Specialized Business Testing- Staff,2020-11-20
448,Ernst & Young,Technology Consulting_Cyber Security_NGSO - TEM_Senior,2020-11-20
449,Ernst & Young,Oracle Financials – MENA FAAS_Senior Consultant,2020-11-20
450,I Skills Solutions,Medical coding jobs - UG/ PG Life science & Paramedical Freshers - Dayshift,2020-11-20
451,UST Global Singapore Pte Limited,Project Manager II,2020-11-20
452,UST Global Singapore Pte Limited,Sr. Software Developer,2020-11-20
453,UST Global Singapore Pte Limited,Lead II - Software Engineering,2020-11-20
454,UST Global Singapore Pte Limited,Lead II - Software Engineering,2020-11-20
455,UST Global Singapore Pte Limited,Sr. Software Developer,2020-11-20
456,UST Global Singapore Pte Limited,Sr. Systems Analyst,2020-11-20
457,UST Global Singapore Pte Limited,Sr. Software Developer,2020-11-20
458,UST Global Singapore Pte Limited,Systems Analyst,2020-11-20
459,Future Focus Infotech Private Limited,Incident Management,2020-11-20
460,UST Global Singapore Pte Limited,Lead I - Software Engineering,2020-11-20
461,UST Global Singapore Pte Limited,Associate Developer - Software Engineering,2020-11-20
462,UST Global Singapore Pte Limited,Sr. Systems Analyst,2020-11-20
463,Oracle,CX Service COE Technical  Specialist,2020-11-20
464,Ernst & Young,GigNow - Full Stack Dev Lead,2020-11-20
465,Ernst & Young,TC_Cyber Security_NGSO TEM (Penetration Tester),2020-11-20
466,Ernst & Young,DevOps Engineer,2020-11-20
467,Ernst & Young,Technology Consulting_Cyber Security_NGSO - TDR (MS)_Splunk_Senior,2020-11-20
468,Smart And Prompt Hr Services Private Limited,IOS Developer(Contract 6 months),2020-11-20
469,Smart And Prompt Hr Services Private Limited,Android Developer(Contract 6 Months),2020-11-20
470,Infosys Limited,Mobile Test Specialist | Appium,2020-11-20
471,Infosys Limited,SAP FICO Consultant,2020-11-20
472,Infosys Limited,SAP FICO Consultant,2020-11-20
473,Infosys Limited,AWS Consultant,2020-11-20
474,Infosys Limited,AWS - Consultant,2020-11-20
475,Infosys Limited,SAP ABAP Developer,2020-11-20
476,Infosys Limited,SAP ABAP Developer,2020-11-20
477,Infosys Limited,SAP ABAP DEVELOPER,2020-11-20
478,Infosys Limited,WCS Developer,2020-11-20
479,Infosys Limited,Shopify Developer,2020-11-20
480,Infosys Limited,Big Data Developer,2020-11-20
481,Infosys Limited,React Native Developer,2020-11-20
482,Infosys Limited,MSBI(PowerBI)_Trivandrum,2020-11-20
483,Brij Bhushan Shrivastava (Propriter Of Max People Solutions),JAVA Developer,2020-11-20
484,UST Global Singapore Pte Limited,Sr. Systems Analyst,2020-11-20
485,UST Global Singapore Pte Limited,Lead I - Software Testing,2020-11-20
486,Smart And Prompt Hr Services Private Limited,Hiring for Software Developer(Contract 1 year extends),2020-11-20
487,Teamware Solutions,Oracle Database Administrator,2020-11-20
488,MP Dominic & Co,.Net Developer ( Contract Job),2020-11-20
489,Wipro Limited,Convergent Charging,2020-11-20
490,Wipro Limited,SOM / Mediation Technical Consultant,2020-11-20
491,Wipro Limited,SOM  Architect,2020-11-20
492,UST Global Singapore Pte Limited,Security Analyst,2020-11-20
493,UST Global Singapore Pte Limited,Specialist I – Software Engineering,2020-11-20
494,UST Global Singapore Pte Limited,Architect I - Enterprise Solutions,2020-11-20
495,UST Global Singapore Pte Limited,Lead I - Software Engineering,2020-11-20
496,Mind Circus Innovations,3D Animation Jobs | 3D Max Animator | 3D Generalist Job Kochi,2020-11-20
497,Mind Circus Innovations,FX Artist Job | Simulation Artist Jobs | 3D Animation | Kochi,2020-11-20
498,Mind Circus Innovations,3D Lighting & Rendering Jobs | Lighting Artist Jobs | Kochi,2020-11-20
499,Manheer Singh (Proprietor Of BigBoss Decor),Mechanical Design Engineer (Piping),2020-11-20
500,Oracle,CX Service COE Solution Specialist,2020-11-20
501,Randstad,j - tech lead - java,2020-11-20
502,Randstad,j - business analyst,2020-11-20
503,Randstad,j - lead engineer - android,2020-11-20
504,Randstad,j - .net architect,2020-11-20
505,Randstad,j - power bi specialist,2020-11-20
506,Randstad,j - data engineer,2020-11-20
507,AasaanJobs Private Limited,Team Lead | Dot Net | Angular 5+ version,2020-11-20
508,AasaanJobs Private Limited,Automation Test Engineer | Agile | Selenium,2020-11-20
509,Placenet Consultants Private Limited,Senior Backend Developer,2020-11-20
510,AasaanJobs Private Limited,"Hiring Dot Net Developer with asp.net, .Net core, MVC and Angular 2+",2020-11-20
511,Mejora Jobs And Education,Delivery Staff,2020-11-20
512,Mejora Jobs And Education,Deputy Sales Manager,2020-11-20
513,Mejora Jobs And Education,Store Manager,2020-11-20
514,Ernst & Young,NonFS_AWS Cloud Technical Lead Senior,2020-11-20
515,Ernst & Young,NonFS_AWS Cloud Technical Lead _Senior,2020-11-20
516,2COMS Consulting Private Limited,BD- NAPS,2020-11-20
517,Finastra Software Solutions India Private Limited,Senior Information Security Governance Engineer (Compliance),2020-11-20
518,Mind Circus Innovations,Work from Home Sales Jobs | International Business Development Job Chennai,2020-11-20
519,Manoj Kumar Sahoo (Proprietor of Corporate Resources),Service Engineer / Field Engineer,2020-11-20
520,Manoj Kumar Sahoo (Proprietor of Corporate Resources),Electrical Draftsman,2020-11-20
521,Manoj Kumar Sahoo (Proprietor of Corporate Resources),Front Office / Customer Relationship Executive,2020-11-20
522,Manoj Kumar Sahoo (Proprietor of Corporate Resources),Front Office / Customer Relationship Executive,2020-11-20
523,Manoj Kumar Sahoo (Proprietor of Corporate Resources),Marketing Executive,2020-11-20
524,Manoj Kumar Sahoo (Proprietor of Corporate Resources),Front Office / Customer Relationship Executive,2020-11-20
525,Manoj Kumar Sahoo (Proprietor of Corporate Resources),Releationship Manager,2020-11-20
526,Manoj Kumar Sahoo (Proprietor of Corporate Resources),Area Sales Manager,2020-11-20
527,Manoj Kumar Sahoo (Proprietor of Corporate Resources),Service Engineer / Field Engineer,2020-11-20
528,Manoj Kumar Sahoo (Proprietor of Corporate Resources),Marketing Associate,2020-11-20
529,Manoj Kumar Sahoo (Proprietor of Corporate Resources),Accounts Executive,2020-11-20
530,Manoj Kumar Sahoo (Proprietor of Corporate Resources),Delivery Manager,2020-11-20
531,Manheer Singh (Proprietor Of BigBoss Decor),Mechanical Design Engineer,2020-11-20
532,Future Focus Infotech Private Limited,SAP Basis Consultant,2020-11-20
533,I Skills Solutions,"Medical coding jobs - B Pharm, M Pharm, Pharm D, Pharmacist Freshers",2020-11-20
534,UST Global Singapore Pte Limited,Associate III - Business Analysis,2020-11-20
535,UST Global Singapore Pte Limited,Lead I - Business Analysis,2020-11-20
536,UST Global Singapore Pte Limited,Lead I - Software Testing,2020-11-20
537,UST Global Singapore Pte Limited,Lead I - Software Engineering,2020-11-20
538,UST Global Singapore Pte Limited,Lead I - Software Testing,2020-11-20
539,UST Global Singapore Pte Limited,Sr. Technical Lead,2020-11-20
540,UST Global Singapore Pte Limited,Tester III - Software Testing,2020-11-20
541,Core Intertech Services Private Limited,Sales Officer,2020-11-20
542,Live Connections,SENIOR BUYER - Food Retail Industry,2020-11-20
543,Live Connections,GM HR FROM FASHION RETAIL,2020-11-20
544,Live Connections,E-COMMERCE HEAD - FASHION RETAIL,2020-11-20
545,Live Connections,HEAD DATA ANALYTICS,2020-11-20
546,Manheer Singh (Proprietor Of BigBoss Decor),Diploma Mechanical Engineers,2020-11-20
547,Kenan Management Consultants Private Limited,SSE with Linux Apigee experience,2020-11-20
548,Kenan Management Consultants Private Limited,Senior NOC Operator,2020-11-20
549,Smart And Prompt Hr Services Private Limited,Hiring for Python Developer,2020-11-20
550,Oracle,CX Service COE Solution Specialist,2020-11-20
551,Ernst & Young,End User Incident Management Specialist,2020-11-20
552,UST Global Singapore Pte Limited,Software Developer,2020-11-20
553,UST Global Singapore Pte Limited,Developer II - Software Engineering,2020-11-20
554,Placenet Consultants Private Limited,Android Mobile Developer,2020-11-20
555,Placenet Consultants Private Limited,Looking For Android Developer Perm role @ Kochi /Trivandrum,2020-11-20
556,Company Name Confidential,"Wanted Accounts Teacher, Business Studies Teacher, Commerce Teacher for Abroad",2020-11-20
557,Crown Solutions India Private Limited,"Immediate Joiner Only, Success Factor Employee Central 7-13 Year",2020-11-20
558,AJ Career,Lead Planning Engineer (Mechanical),2020-11-20
559,AJ Career,Trainee Mechanical Engineer,2020-11-20
560,TFG Digital India,Work From Home Internet Marketing Job,2020-11-20
561,Oracle,CX Service COE Technical  Specialist,2020-11-20
562,Saransh Software Solutions Private Limited,Software Developer Tech BIA,2020-11-20
563,Saransh Software Solutions Private Limited,Test Lead,2020-11-20
564,Company Name Confidential,"Wanted Chemistry, Physics and Science Teachers for Abroad",2020-11-20
565,Alpha Mary International Education Private Limited,Education Counsellor,2020-11-20
566,UST Global Singapore Pte Limited,Developer III - Software Engineering,2020-11-20
567,UST Global Singapore Pte Limited,Test Analyst,2020-11-20
568,UST Global Singapore Pte Limited,Lead I - Enterprise Solutions,2020-11-20
569,UST Global Singapore Pte Limited,Systems Analyst,2020-11-20
570,UST Global Singapore Pte Limited,Sr. Software Developer,2020-11-20
571,UST Global Singapore Pte Limited,Security Analyst,2020-11-20
572,UST Global Singapore Pte Limited,Test Analyst,2020-11-20
573,UST Global Singapore Pte Limited,Test Analyst,2020-11-20
574,UST Global Singapore Pte Limited,Sr. Systems Analyst,2020-11-20
575,UST Global Singapore Pte Limited,Systems Analyst,2020-11-20
576,Oracle,CX Service COE Solution Specialist,2020-11-20
577,Oracle,CX Service COE Technical  Specialist,2020-11-20
